Sample_ID	data	Patient_ID	Gene	HGVSc	HGVSp_Short	Prob MT p53	VAF	ADAR1 Term	ORF1p Term	IFN Term	ADAR1 Term (z-score)	ORF1p Term (z-score)	IFN Term (z-score)
MPAM01PT01	MutationCall	MPAM01	TP53	c.406C>G	Q136E	0.7364080264444444	0.10891089	14670.945747977896	1950.408201972882	3.544686772	-0.333255097	-0.490014339	0.4215775461020423
MPAM01PT02	MutationCall	MPAM01	TP53	c.406C>G	Q136E	0.7364080264444444	0.36206897	10534.090675366886	6720.933505319229	3.513041557	-0.535581644	0.5682501722088655	0.35672806132203155
MPAM01PT03	MutationCall	MPAM01	TP53	c.406C>G	Q136E	0.7364080264444444	0.27058824	5873.310284321355	1898.9256002667278	3.417804971	-0.763532487	-0.501434928	0.1615628986171087
MPAM01PT04	MutationCall	MPAM01	TP53	c.406C>G	Q136E	0.7364080264444444	0.36111111	9450.768263	5931.442127835225	4.519157649	-0.588565101	0.39311417496047774	2.4185282480194035
MPAM01PT05	MutationCall	MPAM01	TP53	c.406C>G	Q136E	0.7364080264444444	0.56666667	4670.426683124334	6483.815498586489	3.138672691	-0.822363478	0.5156493462099399	-0.410453583
MPAM03PT01	MutationCall	MPAM03	TP53	WT	WT	0	0	27928.825524547352	0	3.939426689	0.3151652567514627	-0.92268111	1.2305049065119629
MPAM03PT02	MutationCall	MPAM03	TP53	WT	WT	0	0	42267.84379701152	0	3.414598013	1.0164622562141399	-0.92268111	0.15499098643350928
MPAM03PT03	MutationCall	MPAM03	TP53	WT	WT	0	0	54957.58029338175	0	3.242450817	1.6370956886971797	-0.92268111	-0.197784527
MPAM04PT01	MutationCall	MPAM04	TP53	c.734G>A	G245D	0.8482310742222222	0.56451613	3714.433422252441	11242.446723488223	3.401646804	-0.869119483	1.5712753465424998	0.12845050532354513
MPAM04PT02	MutationCall	MPAM04	TP53	c.734G>A	G245D	0.8482310742222222	0.62222222	2778.1686975245984	9946.144183820794	3.186217152	-0.914910599	1.2837114231165305	-0.313022303
MPAM04PT03	MutationCall	MPAM04	TP53	c.734G>A	G245D	0.8482310742222222	0.42105263	3828.5754581952133	5696.2496313238835	3.572667084	-0.86353699	0.3409404925155592	0.47891666726724735
MPAM04PT04	MutationCall	MPAM04	TP53	c.734G>A	G245D	0.8482310742222222	0.62962963	3270.7585705765096	11172.530317791665	3.696070848	-0.890818866	1.555765513522268	0.7318038894053851
MPAM04PT05	MutationCall	MPAM04	TP53	c.734G>A	G245D	0.8482310742222222	0.60344828	3929.7256388591945	13526.56110161749	3.444381023	-0.858589907	2.0779694800717228	0.2160243165498611
MPAM04PT06	MutationCall	MPAM04	TP53	c.734G>A	G245D	0.8482310742222222	0.78688525	2251.4325251267737	18589.70211369299	2.624453484	-0.940672369	3.201146091809982	-1.464225872
MPAM04PT07	MutationCall	MPAM04	TP53	c.734G>A	G245D	0.8482310742222222	0.73584906	1979.6502744393658	11554.502811883849	3.352849421	-0.953964777	1.6404999838181693	0.028451654117672046
MPAM04PT08	MutationCall	MPAM04	TP53	c.734G>A	G245D	0.8482310742222222	0.45783133	4948.758776	9530.040093128613	3.344758468	-0.808750729	1.1914054056464598	0.011871133699994868
MPAM04PT09	MutationCall	MPAM04	TP53	c.734G>A	G245D	0.8482310742222222	0.82758621	1233.939852728881	13382.566726469684	3.467675702	-0.990436205	2.0460266378711687	0.26376132611878833
MPAM04PT10	MutationCall	MPAM04	TP53	c.734G>A	G245D	0.8482310742222222	0.88888889	966.8620371213996	17274.11702181648	3.259660955	-1.003498527	2.909304643502875	-0.162516365
MPAM04PT11	MutationCall	MPAM04	TP53	c.734G>A	G245D	0.8482310742222222	0.78461538	1710.2733122143484	13612.149826899515	3.277479377	-0.967139546	2.096955965780098	-0.126001666
MPAM05PT01	MutationCall	MPAM05	TP53	c.78delT	P27Lfs*17	1	0.64935065	20452.23828540663	0	3.164012629	-0.050501911	-0.92268111	-0.358525292
MPAM05PT02	MutationCall	MPAM05	TP53	c.78delT	P27Lfs*17	1	0.5974026	22879.010363424983	0	2.873483229	0.068187385	-0.92268111	-0.953897512
MPAM05PT03	MutationCall	MPAM05	TP53	c.78delT	P27Lfs*17	1	0.4	34116.73436555658	0	2.859537849	0.6178053553056148	-0.92268111	-0.982475315
MPAM06PT01	MutationCall	MPAM06	TP53	c.560-1G>A	X187_splice	0.3441513077777778	0.2173913	31520.86567755024	1891.7163745161386	3.255475465	0.49084583218443295	-0.503034179	-0.17109355
MPAM06PT02	MutationCall	MPAM06	TP53	c.560-1G>A	X187_splice	0.3441513077777778	0.2254902	28851.964073098465	1846.4246936979887	3.24554656	0.36031439331616355	-0.513081412	-0.191440524
MPAM06PT03	MutationCall	MPAM06	TP53	c.560-1G>A	X187_splice	0.3441513077777778	0.28571429	32494.634452172388	2805.6735677190563	3.440669967	0.5384712070069454	-0.300287437	0.20841937312982797
MPAM06PT04	MutationCall	MPAM06	TP53	c.560-1G>A	X187_splice	0.3441513077777778	0.59322034	12625.596148707113	3668.326916426805	2.650074011	-0.433289668	-0.10892163	-1.411722579
MPAM06PT05	MutationCall	MPAM06	TP53	c.560-1G>A	X187_splice	0.3441513077777778	0.07692308	33882.567086539915	576.8779999871463	4.421155971	0.606352632	-0.79470998	2.2176966744030895
MPAM06PT08	MutationCall	MPAM06	TP53	c.560-1G>A	X187_splice	0.3441513077777778	0.48314607	24282.120054023282	4779.4132407684965	4.470387363	0.13681109359973623	0.13755504695787998	2.318584925792843
MPAM06PT09	MutationCall	MPAM06	TP53	c.560-1G>A	X187_splice	0.3441513077777778	0.3164557	17251.13845257179	1748.3118939882613	3.10939431	-0.20706226	-0.534846163	-0.470452794
MPAM06PT10	MutationCall	MPAM06	TP53	c.560-1G>A	X187_splice	0.3441513077777778	0.5	22609.959574245077	5030.5545670043575	3.267177541	0.055028568129322664	0.19326672142957665	-0.147112875
PAM02PT01	MutationCall	PAM02	TP53	c.1031T>C	L344P	0.7634664857777778	0.27586207	6558.634237285474	3025.0248038395202	3.444453646	-0.730014458	-0.251627884	0.21617314044418987
PAM02PT02	MutationCall	PAM02	TP53	c.1031T>C	L344P	0.7634664857777778	0.51724138	5412.768107120769	7495.389737236585	3.106361776	-0.786056822	0.7400508636037794	-0.476667265
PAM02PT03	MutationCall	PAM02	TP53	c.1031T>C	L344P	0.7634664857777778	0.35714286	9436.567808983118	5914.491369165283	3.678677275	-0.589259621	0.3893539210698807	0.6961598197558813
PAM02PT05	MutationCall	PAM02	TP53	c.1031T>C	L344P	0.7634664857777778	0.55555556	5756.234741438892	8677.191504426804	3.873593908	-0.769258453	1.0022146274518016	1.0955959817508165
PAM02PT08	MutationCall	PAM02	TP53	c.1031T>C	L344P	0.7634664857777778	0.53333333	3433.7758164692004	4940.955460203175	3.200440394	-0.882845969	0.17339059691483125	-0.283875087
PAM02PT09	MutationCall	PAM02	TP53	c.1031T>C	L344P	0.7634664857777778	0.42	6072.520028785751	5242.250787557778	3.507445351	-0.753789477	0.24022813197530368	0.3452599428142942
PAM02PT10	MutationCall	PAM02	TP53	c.1031T>C	L344P	0.7634664857777778	0.38571429	6903.701636429121	5652.072906806484	3.659756187	-0.713137798	0.3311405948546391	0.6573854645088953
PAM02PT11	MutationCall	PAM02	TP53	c.1031T>C	L344P	0.7634664857777778	0.48979592	7299.971155775928	8920.152936490833	3.61722596	-0.69375693	1.0561117236215343	0.5702296872918043
PAM03PT01	MutationCall	PAM03	TP53	WT	WT	0	0	35538.58672224125	0	3.286125895	0.6873457361374565	-0.92268111	-0.108282645
PAM03PT02	MutationCall	PAM03	TP53	WT	WT	0	0	15049.155839097735	0	3.019350723	-0.314757485	-0.92268111	-0.654976117
PAM03PT03	MutationCall	PAM03	TP53	WT	WT	0	0	58438.886070267574	0	3.046356126	1.807360434103809	-0.92268111	-0.599634844
PAM03PT04	MutationCall	PAM03	TP53	WT	WT	0	0	50264.48929069435	0	3.275490414	1.4075645886001609	-0.92268111	-0.130077582
PAM03PT05	MutationCall	PAM03	TP53	WT	WT	0	0	47918.17497835057	0	3.250494068	1.2928103456124886	-0.92268111	-0.181301761
PAM03PT06	MutationCall	PAM03	TP53	WT	WT	0	0	40129.47573609196	0	2.54948782	0.9118783107602509	-0.92268111	-1.617850509
PAM03PT07	MutationCall	PAM03	TP53	WT	WT	0	0	31770.925061903978	0	2.991810055	0.5030758114342345	-0.92268111	-0.71141429
PAM03PT08	MutationCall	PAM03	TP53	WT	WT	0	0	43061.53319133255	0	2.272464276	1.0552802547804416	-0.92268111	-2.185545628
PAM03PT09	MutationCall	PAM03	TP53	WT	WT	0	0	54124.996418648734	0	2.619946641	1.5963754272360073	-0.92268111	-1.473461595
PAM03PT10	MutationCall	PAM03	TP53	WT	WT	0	0	61239.37343865046	0	3.213317043	1.9443275089175396	-0.92268111	-0.257487399
PAM03PT11	MutationCall	PAM03	TP53	WT	WT	0	0	54532.71588725997	0	2.635126454	1.6163162930977004	-0.92268111	-1.44235411
PAM03PT12		PAM03	TP53	WT	WT	0	0	49688.15146277343	0	2.830643831	1.3793768855288877	-0.92268111	-1.041686863
PAM03PT13		PAM03	TP53	WT	WT	0	0	52863.117409396276	0	2.644996446	1.5346590707841088	-0.92268111	-1.422127864
PAM03PT14		PAM03	TP53	WT	WT	0	0	53136.129533760795	0	2.888181061	1.548011629515514	-0.92268111	-0.923777735
PAM03PT15		PAM03	TP53	WT	WT	0	0	45416.83630589705	0	2.59596655	1.1704741247988055	-0.92268111	-1.522603196
PAM03PT16		PAM03	TP53	WT	WT	0	0	50191.39509964704	0	2.826521768	1.403989676016496	-0.92268111	-1.05013407
PAM03PT17		PAM03	TP53	WT	WT	0	0	57903.734480322084	0	2.881302801	1.7811870798925828	-0.92268111	-0.937873124
PAM03PT18		PAM03	TP53	WT	WT	0	0	57877.36778075156	0	3.048857554	1.7798975294545272	-0.92268111	-0.594508751
PAM03PT19		PAM03	TP53	WT	WT	0	0	47341.17926976559	0	2.427741396	1.2645904667166965	-0.92268111	-1.8673414
PAM03PT20		PAM03	TP53	WT	WT	0	0	50713.609029577274	0	3.092719399	1.4295302712775375	-0.92268111	-0.504624133
PAM03PT21		PAM03	TP53	WT	WT	0	0	39080.08726438546	0	2.843772244	0.8605545051485559	-0.92268111	-1.014783244
PAM03PT22		PAM03	TP53	WT	WT	0	0	62054.53107816587	0	3.251948198	1.9841954828484352	-0.92268111	-0.17832186
PAM03PT23		PAM03	TP53	WT	WT	0	0	57644.77687076344	0	2.524423252	1.768521903579902	-0.92268111	-1.669214493
PAM03PT24		PAM03	TP53	WT	WT	0	0	52705.69114171414	0	2.760006688	1.5269596197433006	-0.92268111	-1.186441207
PAM03PT25		PAM03	TP53	WT	WT	0	0	49218.647891184795	0	2.882433277	1.3564142642576384	-0.92268111	-0.935556477
PAM03PT26		PAM03	TP53	WT	WT	0	0	42900.89482278351	0	2.252597517	1.0474237053485773	-0.92268111	-2.226257916
PAM04PT01	MutationCall	PAM04	TP53	WT	WT	0	0	48865.4313	0	3.75285377	1.3391390416288367	-0.92268111	0.8481672396308005
PAM04PT02	MutationCall	PAM04	TP53	WT	WT	0	0	52070.69263614437	0	3.230418965	1.4959029226837444	-0.92268111	-0.222441
PAM04PT03	MutationCall	PAM04	TP53	WT	WT	0	0	40692.71484489845	0	2.406254729	0.9394253777546877	-0.92268111	-1.911373311
PAM04PT04	MutationCall	PAM04	TP53	WT	WT	0	0	57414.87131224692	0	2.787423019	1.757277613679174	-0.92268111	-1.130257833
PAM04PT05	MutationCall	PAM04	TP53	WT	WT	0	0	38881.128287999934	0	3.216099156	0.8508237599535882	-0.92268111	-0.251786108
PAM04PT06	MutationCall	PAM04	TP53	WT	WT	0	0	29790.561808107563	0	3.90166373	0.40621961240137694	-0.92268111	1.1531185327768287
PAM04PT07	MutationCall	PAM04	TP53	WT	WT	0	0	48580.84714308195	0	3.383407442	1.3252205142811477	-0.92268111	0.091073188
PAM04PT08	MutationCall	PAM04	TP53	WT	WT	0	0	48734.72587117282	0	2.521859239	1.332746461193322	-0.92268111	-1.67446884
PAM16PT01	MutationCall	PAM16	TP53	WT	WT	0	0	60844.92931982386	0	3.519354211	1.9250359178383925	-0.92268111	0.3696643728463636
PAM16PT02	MutationCall	PAM16	TP53	WT	WT	0	0	50208.25072274674	0	3.21454561	1.404814055878442	-0.92268111	-0.254969738
PAM16PT03	MutationCall	PAM16	TP53	WT	WT	0	0	37979.59749862567	0	3.336869093	0.8067314221451128	-0.92268111	-0.0042963
PAM16PT04	MutationCall	PAM16	TP53	WT	WT	0	0	60073.194141127016	0	3.164994549	1.8872916626239888	-0.92268111	-0.356513076
PAM22PT01	MutationCall	PAM22	TP53	c.86dupA	N29Kfs*14	1	0.33870968	0	7787.016749282682	3.287249076	-1.050786105	0.8047436380100403	-0.105980947
PAM22PT02	MutationCall	PAM22	TP53	c.86dupA	N29Kfs*14	1	0.45977011	0	8390.516047185902	3.767257798	-1.050786105	0.9386202760473237	0.8776849343140838
PAM22PT04	MutationCall	PAM22	TP53	c.86dupA	N29Kfs*14	1	0.31707317	0	5805.883447358983	4.553507221	-1.050786105	0.36526099588146516	2.4889196814988064
PAM22PT05	MutationCall	PAM22	TP53	c.86dupA	N29Kfs*14	1	0.23655914	0	4155.8562324315135	2.977366798	-1.050786105	-0.000771072	-0.741012375
PAM22PT07	MutationCall	PAM22	TP53	c.86dupA	N29Kfs*14	1	0.41558442	0	8528.985072539203	2.869664191	-1.050786105	0.9693374080324086	-0.96172374
PAM22PT08	MutationCall	PAM22	TP53	c.86dupA	N29Kfs*14	1	0.60493827	0	10102.099430203802	3.954180411	-1.050786105	1.3183075927269574	1.2607392174587368
PAM24PT01	MutationCall	PAM24	TP53	c.488A>G	Y163C	0.8140275675555555	0.16727941	10170.876124598084	3558.167503280846	3.172166051	-0.55334585	-0.133358729	-0.341816756
PAM25PT01	MutationCall	PAM25	TP53	c.818G>A	R273H	0.919362014	0.208	3909.1228514136033	4457.9076912110695	3.081059716	-0.859597554	0.066234198	-0.528517933
PAM27PT01	MutationCall	PAM27	TP53	c.817C>T	R273C	0.9161558208888889	0.22005571	3902.3753924684547	4954.729714588663	2.771399828	-0.859927561	0.17644619428670294	-1.163093625
PAM27PT02	MutationCall	PAM27	TP53	c.817C>T	R273C	0.9161558208888889	0.20338983	3495.571445	3820.4897748162175	2.313382966	-0.87982365	-0.075166741	-2.10169232
PAM27PT03	MutationCall	PAM27	TP53	c.817C>T	R273C	0.9161558208888889	0.17021277	4680.030273340007	4256.321187334282	2.898806187	-0.821893783	0.021515466230775264	-0.902004018
PAM28PT01	MutationCall	PAM28	TP53	WT	WT	0	0	61386.789663327574	0	3.565122486	1.9515373857775689	-0.92268111	0.4634557739482321
PAM28PT02	MutationCall	PAM28	TP53	WT	WT	0	0	63269.73289362964	0	3.756535765	2.043628937129115	-0.92268111	0.8557126293117547
PAM28PT03	MutationCall	PAM28	TP53	WT	WT	0	0	48493.04886829487	0	2.890693379	1.3209264499668274	-0.92268111	-0.918629325
PAM28PT04	MutationCall	PAM28	TP53	WT	WT	0	0	52246.704932239496	0	3.403890007	1.5045113847677274	-0.92268111	0.13304742649494494
PAM28PT05	MutationCall	PAM28	TP53	WT	WT	0	0	37567.03739325465	0	4.301469189	0.7865538089712522	-0.92268111	1.9724265396393483
PAM29PT01	MutationCall	PAM29	TP53	WT	WT	0	0	51575.502713447524	0	2.321815862	1.4716840256607633	-0.92268111	-2.084411068
PAM39PT02	MutationCall	PAM39	TP53	c.817C>T	R273C	0.9161558208888889	0.51612903	2014.820237211356	8906.471222763912	3.652569022	-0.952244674	1.0530766549102488	0.6426570467282315
PAM39PT03	MutationCall	PAM39	TP53	c.817C>T	R273C	0.9161558208888889	0.30222222	3265.699785475256	6073.580134	4.176491271	-0.891066282	0.42464521158659735	1.7163134561548943
PAM39PT04	MutationCall	PAM39	TP53	c.817C>T	R273C	0.9161558208888889	0.10212766	3562.843132441985	1560.963994067897	3.864063536	-0.876533506	-0.576406289	1.076065707933374
PAM39PT05	MutationCall	PAM39	TP53	c.817C>T	R273C	0.9161558208888889	0.63194444	1662.3428259330242	11624.394897275644	3.881274598	-0.969483745	1.6560044217689303	1.1113357638712724
PAM39PT06	MutationCall	PAM39	TP53	c.817C>T	R273C	0.9161558208888889	0.63829787	1888.1254355370834	14774.127193382485	4.172494955	-0.958441101	2.354722004349878	1.708123938920833
PAM39PT07	MutationCall	PAM39	TP53	c.817C>T	R273C	0.9161558208888889	0.58167331	2177.636305040192	12626.461342606233	4.023685795	-0.944281617	1.8782967877367593	1.4031742851881495
PAM39PT08	MutationCall	PAM39	TP53	c.817C>T	R273C	0.9161558208888889	0.40723982	3203.6069010722535	9090.573424166309	3.900719307	-0.89410314	1.0939167749644867	1.1511831581881462
PAM39PT09	MutationCall	PAM39	TP53	c.817C>T	R273C	0.9161558208888889	0.5786802	2128.557709074927	12464.829409350923	4.065843747	-0.946681967	1.8424413362078702	1.4895671716507777
PAM46PT02	MutationCall	PAM46	TP53	c.659A>G	Y220C	0.871944402	0.5984252	949.2208375521114	3240.9995742896185	2.871689036	-1.004361328	-0.203717346	-0.957574292
PAM46PT03	MutationCall	PAM46	TP53	c.659A>G	Y220C	0.871944402	0.4954955	1884.6091436720128	4722.981089543257	3.053657972	-0.958613077	0.1250364794806762	-0.584671414
PAM46PT07	MutationCall	PAM46	TP53	c.659A>G	Y220C	0.871944402	0.53763441	1374.0213851162869	3693.9095435204617	2.829044842	-0.983585056	-0.103246535	-1.044963618
PAM47PT01	MutationCall	PAM47	TP53	c.659A>G	Y220C	0.871944402	0.54954955	3127.2674143201402	9182.389663704877	3.285788047	-0.897836774	1.114284734810267	-0.108974985
PAM47PT02	MutationCall	PAM47	TP53	c.659A>G	Y220C	0.871944402	0.30392157	5128.687734878541	5469.630954638617	2.888344085	-0.79995071	0.290668774	-0.923443655
PAM47PT03	MutationCall	PAM47	TP53	c.659A>G	Y220C	0.871944402	0.38271605	4261.335568634594	6493.426018199982	2.940390712	-0.842371429	0.5177812858163585	-0.816786236
PAM47PT04	MutationCall	PAM47	TP53	c.659A>G	Y220C	0.871944402	0.35483871	6533.238774581069	9353.509656431988	3.593526303	-0.731256507	1.1522449601276192	0.5216627698000768
PAM47PT05	MutationCall	PAM47	TP53	c.659A>G	Y220C	0.871944402	0.3253012	5605.083466791346	7110.083093037342	3.656299553	-0.776651005	0.6545767655923274	0.6503018996169182
PAM47PT06	MutationCall	PAM47	TP53	c.659A>G	Y220C	0.871944402	0.25688073	5712.692936284984	4896.220753055688	3.182786247	-0.771388008	0.16346691975846048	-0.320053142
PAM47PT07	MutationCall	PAM47	TP53	c.659A>G	Y220C	0.871944402	0.67088608	2387.1850998866544	12399.970533517924	3.35089912	-0.934032942	1.8280534350560917	0.024454967256294573
PAM48PT01	MutationCall	PAM48	TP53	c.880delG	E294Sfs*51	1	0.60994764	0	16513.926710359843	2.731501609	-1.050786105	2.740668617711424	-1.244855716
PAM48PT02	MutationCall	PAM48	TP53	c.880delG	E294Sfs*51	1	0.08308605	0	619.876718	2.509590884	-1.050786105	-0.785171404	-1.699609971
PAM49PT01	MutationCall	PAM49	TP53	c.902dupC	G302Rfs*4	1	0.32963989	0	6222.384197369908	3.736003927	-1.050786105	0.45765500585827806	0.8136374177549154
PAM49PT02	MutationCall	PAM49	TP53	c.902dupC	G302Rfs*4	1	0.24637681	0	4796.0090746780215	3.321790348	-1.050786105	0.1412365664840032	-0.035196669
PAM49PT03	MutationCall	PAM49	TP53	c.902dupC	G302Rfs*4	1	0.46401985	0	8474.835369913393	3.46845967	-1.050786105	0.9573251651624516	0.26536788562182884
PAM49PT04	MutationCall	PAM49	TP53	c.902dupC	G302Rfs*4	1	0.29262673	0	5660.8496637230555	3.754995997	-1.050786105	0.3330875775817831	0.8525572340496034
PAM49PT05	MutationCall	PAM49	TP53	c.902dupC	G302Rfs*4	1	0.48395062	0	5020.050111893347	2.402543259	-1.050786105	0.19093647657334956	-1.918979102
PAM49PT06	MutationCall	PAM49	TP53	c.902dupC	G302Rfs*4	1	0.23011364	0	5598.309518390472	3.082452177	-1.050786105	0.31921404959495825	-0.525664409
PAM50PT01	MutationCall	PAM50	TP53	c.375+2delT	X125_splice	0.3441513077777778	0.125	41869.46453826144	1145.312570851781	3.194416845	0.9969782041332449	-0.668611889	-0.296218945
PAM50PT02	MutationCall	PAM50	TP53	c.375+2delT	X125_splice	0.3441513077777778	0.19183674	33195.19872875479	1376.6127850875873	3.533250375	0.5727346144287387	-0.617301647	0.3981413187548857
PAM51PT01	MutationCall	PAM51	TP53	c.818G>A	R273H	0.919362014	0.13861386	5592.646753845286	4104.674817966409	2.809508261	-0.777259263	-0.012124848	-1.084999283
PAM52PT01	MutationCall	PAM52	TP53	c.1024C>T	R342*	1	0.47674419	0	9497.445743123788	3.202728319	-1.050786105	1.1841748719692586	-0.279186519
PAM52PT02	MutationCall	PAM52	TP53	c.1024C>T	R342*	1	0.65641026	0	18912.941419412862	3.805836683	-1.050786105	3.2728515464503314	0.9567433580169181
PAM52PT03	MutationCall	PAM52	TP53	c.1024C>T	R342*	1	0.61931818	0	15626.145435865541	3.25380544	-1.050786105	2.543728583556137	-0.174515876
PAM53PT01	MutationCall	PAM53	TP53	c.103_106delTTGC	L35Rfs*8	1	0.30625	0	3642.7350906708334	3.35286824	-1.050786105	-0.114598766	0.028490219267381208
PAM53PT02	MutationCall	PAM53	TP53	c.103_106delTTGC	L35Rfs*8	1	0.71090047	0	12602.645770324829	3.42517127	-1.050786105	1.8730136850702843	0.17665840973578867
PAM53PT03	MutationCall	PAM53	TP53	c.103_106delTTGC	L35Rfs*8	1	0.2815534	0	3639.7500251990014	4.19417297	-1.050786105	-0.115260955	1.7525479728167428
PAM53PT04	MutationCall	PAM53	TP53	c.103_106delTTGC	L35Rfs*8	1	0.50239234	0	9516.118836709657	3.575026616	-1.050786105	1.1883171982316374	0.48375197758262894
PAM53PT05	MutationCall	PAM53	TP53	c.103_106delTTGC	L35Rfs*8	1	0.5377907	0	9466.402142130732	3.496203314	-1.050786105	1.177288347083545	0.3222220109396709
PAM54PT01	MutationCall	PAM54	TP53	c.559+1G>A	X187_splice	0.3441513077777778	0.40079365	21761.456711126462	3047.9515287003333	3.74239269	0.013529736017274955	-0.246541958	0.8267296969172341
PAM54PT02	MutationCall	PAM54	TP53	c.559+1G>A	X187_splice	0.3441513077777778	0.6501548	10123.34461336873	3829.7013769046457	3.843437608	-0.555670535	-0.073123295	1.0337976808743183
PAM54PT03	MutationCall	PAM54	TP53	c.559+1G>A	X187_splice	0.3441513077777778	0.33445946	25446.291345071848	2652.3435812246116	3.779928106	0.1937487317113199	-0.334301235	0.9036497743634889
PAM54PT04	MutationCall	PAM54	TP53	c.559+1G>A	X187_splice	0.3441513077777778	0.29149798	23043.400226717207	1931.3342701303447	3.252412687	0.076227413	-0.494245584	-0.177369999
PAM54PT05	MutationCall	PAM54	TP53	c.559+1G>A	X187_splice	0.3441513077777778	0.53614458	19979.395809115533	4835.441336919677	3.722704813	-0.073627832	0.14998398129866627	0.7863839865195568
PAM54PT06	MutationCall	PAM54	TP53	c.559+1G>A	X187_splice	0.3441513077777778	0.4137931	20020.568923426592	3015.8574448532513	3.811965903	-0.071614125	-0.253661516	0.9693037643564972
PAM54PT07	MutationCall	PAM54	TP53	c.559+1G>A	X187_splice	0.3441513077777778	0.65502183	10904.779692668038	4309.224406424803	3.868490147	-0.517451875	0.033251197	1.0851370143748542
PAM54PT08	MutationCall	PAM54	TP53	c.559+1G>A	X187_splice	0.3441513077777778	0.36397059	22256.84482	2648.4226495486673	3.736455889	0.037758326	-0.335171031	0.8145636084235567
PAM54PT09	MutationCall	PAM54	TP53	c.559+1G>A	X187_splice	0.3441513077777778	0.51709402	15357.605267272771	3267.352494905442	4.063857489	-0.299671748	-0.197871373	1.4854967993072765
PAM54PT10	MutationCall	PAM54	TP53	c.559+1G>A	X187_splice	0.3441513077777778	0.58577406	13688.223284969867	3727.3659083944076	3.188672273	-0.381318382	-0.095824777	-0.307991105
PAM54PT11	MutationCall	PAM54	TP53	c.559+1G>A	X187_splice	0.3441513077777778	0.6394052	13900.154036431271	5134.982948894726	4.042416561	-0.370953209	0.2164324827348998	1.441558619901469
PAM54PT12	MutationCall	PAM54	TP53	c.559+1G>A	X187_splice	0.3441513077777778	0.63387978	13609.291055812526	5046.760838061034	3.836884919	-0.385178823	0.19686182268607663	1.020369473621701
PAM54PT13	MutationCall	PAM54	TP53	c.559+1G>A	X187_splice	0.3441513077777778	0.53539823	16036.257322660731	3563.892546	4.187736631	-0.26648003	-0.13208872	1.7393581977427066
PAM54PT14	MutationCall	PAM54	TP53	c.559+1G>A	X187_splice	0.3441513077777778	0.63898917	12845.55772505988	4888.381142	4.091257404	-0.422531721	0.1617278278644173	1.541646532237393
PAM54PT15	MutationCall	PAM54	TP53	c.559+1G>A	X187_splice	0.3441513077777778	0.20664207	33316.54370334692	1914.833610332665	3.708014207	0.5786693907826231	-0.497905991	0.7562790170887556
PAM55PT01	MutationCall	PAM55	TP53	c.920-2A>G	X307_splice	0.3441513077777778	0.19240506	26192.633423426603	1317.7068237523317	3.407374757	0.2302510535702752	-0.63036899	0.14018860856898444
PAM55PT02	MutationCall	PAM55	TP53	c.920-2A>G	X307_splice	0.3441513077777778	0.28985507	17542.70070550292	1430.3231360440886	2.871829248	-0.192802446	-0.605386867	-0.95728696
PAM55PT03	MutationCall	PAM55	TP53	c.920-2A>G	X307_splice	0.3441513077777778	0.26888218	29769.02939048466	2233.251785	2.42054943	0.4051664984724326	-0.427270027	-1.882079656
PAM55PT04	MutationCall	PAM55	TP53	c.920-2A>G	X307_splice	0.3441513077777778	0.31230284	16146.487815775352	1494.656669475341	2.745364421	-0.261088844	-0.591115505	-1.216447117
PAM55PT05	MutationCall	PAM55	TP53	c.920-2A>G	X307_splice	0.3441513077777778	0.29591837	23443.25273634007	2073.942158853143	3.133262922	0.09578352	-0.462610312	-0.421539642
PAM55PT06	MutationCall	PAM55	TP53	c.920-2A>G	X307_splice	0.3441513077777778	0.4	18444.835533176407	2180.371719615791	2.999090314	-0.148680566	-0.439000621	-0.696495098
PAM55PT07	MutationCall	PAM55	TP53	c.920-2A>G	X307_splice	0.3441513077777778	0.17241379	24696.675964502854	1013.5734065016502	2.666449518	0.15708631820748623	-0.69783611	-1.378164798
PAM55PT08	MutationCall	PAM55	TP53	c.920-2A>G	X307_splice	0.3441513077777778	0.23825503	23913.040206231042	1544.8147875951006	2.966018989	0.11876002588362274	-0.579988731	-0.764267062
PAM55PT09	MutationCall	PAM55	TP53	c.920-2A>G	X307_splice	0.3441513077777778	0.212	22734.533965077037	1242.8794161357455	3.151275064	0.06112129	-0.64696825	-0.38462796
PAM55PT10	MutationCall	PAM55	TP53	c.920-2A>G	X307_splice	0.3441513077777778	0.16433566	23945.858182376756	945.0249747999482	3.22222765	0.12036509728824071	-0.713042479	-0.239227189
PAM55PT11	MutationCall	PAM55	TP53	c.920-2A>G	X307_splice	0.3441513077777778	0.1	26497.434643258333	618.4448224347261	3.220803908	0.2451583629019776	-0.785489047	-0.242144816
PAM55PT12	MutationCall	PAM55	TP53	c.920-2A>G	X307_splice	0.3441513077777778	0.09226191	26011.59777935714	552.3820189809542	3.545375272	0.22139690807933082	-0.80014402	0.4229884662133776
PAM56PT01	MutationCall	PAM56	TP53	c.338T>G	F113C	0.6986572162222222	0.22485207	11792.99342	2879.456618821169	2.877841038	-0.474010852	-0.283919851	-0.944967199
PAM56PT02	MutationCall	PAM56	TP53	c.338T>G	F113C	0.6986572162222222	0.53977273	8736.680775077903	8572.277095	4.040067821	-0.623489906	0.9789410487787866	1.4367454252721332
PAM56PT03	MutationCall	PAM56	TP53	c.338T>G	F113C	0.6986572162222222	0.475	9531.772429963763	7341.6153772525395	3.771657857	-0.584603325	0.7059384886556641	0.8867018286265935
PAM56PT04	MutationCall	PAM56	TP53	c.338T>G	F113C	0.6986572162222222	0.5193133	9459.336801	8581.349767783848	3.953972827	-0.588146028	0.9809536756495488	1.260313822483586
PAM56PT05	MutationCall	PAM56	TP53	c.338T>G	F113C	0.6986572162222222	0.44481605	8953.146904696694	5942.772195601853	3.376695746	-0.612902915	0.3956275687400576	0.077319133
PAM56PT06	MutationCall	PAM56	TP53	c.338T>G	F113C	0.6986572162222222	0.44067797	1765.6736253614788	1033.052265826474	2.916056155	-0.964430011	-0.693515037	-0.866654233
PAM56PT07	MutationCall	PAM56	TP53	c.338T>G	F113C	0.6986572162222222	0.53448276	3248.061558123632	2970.5070570682415	3.790841074	-0.891928938	-0.263721772	0.9260133560999615