Patient_ID	Sample_ID	data	TP53_call	Gene	HGVSc	HGVSp_Short	Prob MT p53	Unfiltered VAF	VAF	ADAR1 Term	ORF1p Term	IFN Term
MPAM01	MPAM01PT01	MutationCall	yes	TP53	c.406C>G	Q136E	0.7364080264444444	0.1089109	0.10891089	-0.610212663	-0.303174716	0.4215775461020423
MPAM01	MPAM01PT02	MutationCall	yes	TP53	c.406C>G	Q136E	0.7364080264444444	0.362069	0.36206897	-0.794859339	0.777773748	0.35672806132203155
MPAM01	MPAM01PT03	MutationCall	yes	TP53	c.406C>G	Q136E	0.7364080264444444	0.2705882	0.27058824	-1.000339373	-0.28854671	0.1615628986171087
MPAM01	MPAM01PT04	MutationCall	yes	TP53	c.406C>G	Q136E	0.7364080264444444	0.3611111	0.36111111	-0.844632061	0.5986132296258827	2.4185282480194035
MPAM01	MPAM01PT05	MutationCall	yes	TP53	c.406C>G	Q136E	0.7364080264444444	0.5666667	0.56666667	-1.050950521	0.819972831	-0.410453583
MPAM01	MPAM01PT06			TP53	WT	WT	0		0	1.3370394195147834	-0.745025711	2.515099819555208
MPAM03	MPAM03PT01	MutationCall		TP53	WT	WT	0		0	-0.035681824	-0.745025711	1.2305049065119629
MPAM03	MPAM03PT02	MutationCall		TP53	WT	WT	0		0	0.6115060692512223	-0.745025711	0.15499098643350928
MPAM03	MPAM03PT03	MutationCall		TP53	WT	WT	0		0	1.2311336598350238	-0.745025711	-0.197784527
MPAM04	MPAM04PT01	MutationCall	yes	TP53	c.734G>A	G245D	0.8482310742222222	0.5645161	0.56451613	-1.102474294	1.802695394803724	0.12845050532354513
MPAM04	MPAM04PT02	MutationCall	yes	TP53	c.734G>A	G245D	0.8482310742222222	0.6222222	0.62222222	-1.140849584	1.6322966792651321	-0.313022303
MPAM04	MPAM04PT03	MutationCall	yes	TP53	c.734G>A	G245D	0.8482310742222222	0.4210526	0.42105263	-1.094318707	0.5974329218134032	0.47891666726724735
MPAM04	MPAM04PT04	MutationCall	yes	TP53	c.734G>A	G245D	0.8482310742222222	0.6296296	0.62962963	-1.119303232	1.9259079765391736	0.7318038894053851
MPAM04	MPAM04PT05	MutationCall	yes	TP53	c.734G>A	G245D	0.8482310742222222	0.6034483	0.60344828	-1.09450796	2.3027481306517474	0.2160243165498611
MPAM04	MPAM04PT06	MutationCall	yes	TP53	c.734G>A	G245D	0.8482310742222222	0.7868852	0.78688525	-1.168388399	3.540898266750033	-1.464225872
MPAM04	MPAM04PT07	MutationCall	yes	TP53	c.734G>A	G245D	0.8482310742222222	0.7358491	0.73584906	-1.179673575	1.9748873777059195	0.028451654117672046
MPAM04	MPAM04PT08	MutationCall	yes	TP53	c.734G>A	G245D	0.8482310742222222	0.4578313	0.45783133	-1.045996009	1.4280795949212906	0.011871133699994868
MPAM04	MPAM04PT09	MutationCall	yes	TP53	c.734G>A	G245D	0.8482310742222222	0.8275862	0.82758621	-1.214918855	2.319905662	0.26376132611878833
MPAM04	MPAM04PT01	MutationCall	yes	TP53	c.734G>A	G245D	0.8482310742222222	0.8888889	0.88888889	-1.227013631	3.2335039111340436	-0.162516365
MPAM04	MPAM04PT11	MutationCall	yes	TP53	c.734G>A	G245D	0.8482310742222222	0.7846154	0.78461538	-1.191653105	2.4624462502101694	-0.126001666
MPAM05	MPAM05PT01	MutationCall	yes	TP53	c.78delT	P27Lfs*17	0	0.6493506	0.64935065	-0.33521011	-0.745025711	-0.358525292
MPAM05	MPAM05PT02	MutationCall	yes	TP53	c.78delT	P27Lfs*17	0	0.5974026	0.5974026	-0.225738924	-0.745025711	-0.953897512
MPAM05	MPAM05PT03	MutationCall	yes	TP53	c.78delT	P27Lfs*17	0	0.4	0.4	0.301260124	-0.745025711	-0.982475315
MPAM06	MPAM06PT01	MutationCall	yes	TP53	c.560-1G>A	X187_splice	0.3441513077777778	0.2173913	0.2173913	0.19616367988081182	-0.301562735	-0.17109355
MPAM06	MPAM06PT02	MutationCall	yes	TP53	c.560-1G>A	X187_splice	0.3441513077777778	0.2254902	0.2254902	0.029004902984456085	-0.330547263	-0.191440524
MPAM06	MPAM06PT03	MutationCall	yes	TP53	c.560-1G>A	X187_splice	0.3441513077777778	0.2857143	0.28571429	0.17375083735132646	-0.122961211	0.20841937312982797
MPAM06	MPAM06PT04	MutationCall	yes	TP53	c.560-1G>A	X187_splice	0.3441513077777778	0.5932203	0.59322034	-0.688475048	0.10764781847415109	-1.411722579
MPAM06	MPAM06PT05	MutationCall	yes	TP53	c.560-1G>A	X187_splice	0.3441513077777778	0.07692308	0.07692308	0.23124151769110085	-0.617940643	2.2176966744030895
MPAM06	MPAM06PT06	MutationCall	yes	TP53	WT	WT	0		0	1.2787563485837792	-0.745025711	1.9843242336262712
MPAM06	MPAM06PT08	MutationCall	yes	TP53	c.560-1G>A	X187_splice	0.3441513077777778	0.4831461	0.48314607	-0.243219169	0.2501114134459696	2.318584925792843
MPAM06	MPAM06PT09	MutationCall	yes	TP53	c.560-1G>A	X187_splice	0.3441513077777778	0.3164557	0.3164557	-0.518494368	-0.369968644	-0.470452794
MPAM06	MPAM06PT01	MutationCall	yes	TP53	c.560-1G>A	X187_splice	0.3441513077777778	0.5	0.5	-0.284882265	0.33717763182493216	-0.147112875
MPAM06	MPAM06PT11			TP53	WT	WT	0		0	0.7759518850414362	-0.745025711	-0.586037255
PAM02	PAM02PT01	MutationCall	yes	TP53	c.1031T>C	L344P	0.7634664857777778	0.275862069	0.27586207	-0.966839744	-0.035911735	0.21617314044418987
PAM02	PAM02PT02	MutationCall	yes	TP53	c.1031T>C	L344P	0.7634664857777778	0.517241379	0.51724138	-1.02749943	0.935734408	-0.476667265
PAM02	PAM02PT03	MutationCall	yes	TP53	c.1031T>C	L344P	0.7634664857777778	0.357142857	0.35714286	-0.845265103	0.6032636762661895	0.6961598197558813
PAM02	PAM02PT05	MutationCall	yes	TP53	c.1031T>C	L344P	0.7634664857777778	0.555555556	0.55555556	-1.008127663	1.249747981315508	1.0955959817508165
PAM02	PAM02PT08	MutationCall	yes	TP53	c.1031T>C	L344P	0.7634664857777778	0.533333333	0.53333333	-1.118108958	0.3493605571015924	-0.283875087
PAM02	PAM02PT09	MutationCall	yes	TP53	c.1031T>C	L344P	0.7634664857777778	0.42	0.42	-0.987419353	0.5005750269032604	0.3452599428142942
PAM02	PAM02PT01	MutationCall	yes	TP53	c.1031T>C	L344P	0.7634664857777778	0.385714286	0.38571429	-0.961291749	0.5139627251919037	0.6573854645088953
PAM02	PAM02PT11	MutationCall	yes	TP53	c.1031T>C	L344P	0.7634664857777778	0.489795918	0.48979592	-0.943215105	1.2529624437628903	0.5702296872918043
PAM02	PAM02PT12			TP53	WT	WT	0		0	1.3059352561706545	-0.745025711	-0.049595838
PAM02	PAM02PT13			TP53	WT	WT	0		0	1.0676663389669285	-0.745025711	-0.076189542
PAM02	PAM02PT14			TP53	WT	WT	0		0	1.2642602507324427	-0.745025711	0.036063356
PAM02	PAM02PT16			TP53	WT	WT	0		0	1.555914586941075	-0.745025711	0.8027214249725482
PAM02	PAM02PT17			TP53	WT	WT	0		0	1.1713618727068438	-0.745025711	-0.991539893
PAM02	PAM02PT18			TP53	WT	WT	0		0	0.5035275694662369	-0.745025711	-1.451940991
PAM02	PAM02PT19			TP53	WT	WT	0		0	1.0258080403012753	-0.745025711	0.3686885386923239
PAM02	PAM02PT20			TP53	WT	WT	0		0	0.8465261228338709	-0.745025711	-0.240832101
PAM02	PAM02PT21			TP53	WT	WT	0		0	0.9388678615844894	-0.745025711	-1.330720998
PAM02	PAM02PT22			TP53	WT	WT	0		0	0.5189493168655536	-0.745025711	-0.372229991
PAM02	PAM02PT23			TP53	WT	WT	0		0	1.3125300688993917	-0.745025711	0.3167511697449167
PAM02	PAM02PT24			TP53	WT	WT	0		0	0.6515881720473874	-0.745025711	1.2725438870338444
PAM02	PAM02PT25			TP53	WT	WT	0		0	1.1994247264593694	-0.745025711	-0.367009701
PAM02	PAM02PT26			TP53	WT	WT	0		0	0.8238493089957504	-0.745025711	0.5346133626639239
PAM02	PAM02PT27			TP53	WT	WT	0		0	0.7423270650471727	-0.745025711	-0.381190202
PAM02	PAM02PT28			TP53	WT	WT	0		0	0.7724182363063782	-0.745025711	1.6534500509691075
PAM02	PAM02PT29			TP53	WT	WT	0		0	1.1602203356204448	-0.745025711	-0.498476495
PAM03	PAM03PT01	MutationCall	WT	TP53	WT	WT	0		0	0.2849194346126266	-0.745025711	-0.108282645
PAM03	PAM03PT02	MutationCall	WT	TP53	WT	WT	0		0	-0.616637376	-0.745025711	-0.654976117
PAM03	PAM03PT03	MutationCall	WT	TP53	WT	WT	0		0	1.2980249154900927	-0.745025711	-0.599634844
PAM03	PAM03PT04	MutationCall	WT	TP53	WT	WT	0		0	1.0293653570012198	-0.745025711	-0.130077582
PAM03	PAM03PT05	MutationCall	WT	TP53	WT	WT	0		0	0.9337013654523433	-0.745025711	-0.181301761
PAM03	PAM03PT06	MutationCall	WT	TP53	WT	WT	0		0	0.601154115	-0.745025711	-1.617850509
PAM03	PAM03PT07	MutationCall	WT	TP53	WT	WT	0		0	0.10431748221884082	-0.745025711	-0.71141429
PAM03	PAM03PT08	MutationCall	WT	TP53	WT	WT	0		0	0.7762610100252271	-0.745025711	-2.185545628
PAM03	PAM03PT09	MutationCall	WT	TP53	WT	WT	0		0	1.2534631618574608	-0.745025711	-1.473461595
PAM03	PAM03PT01	MutationCall	WT	TP53	WT	WT	0		0	1.4738866138701368	-0.745025711	-0.257487399
PAM03	PAM03PT11	MutationCall	WT	TP53	WT	WT	0		0	1.2366226965463343	-0.745025711	-1.44235411
PAM03	PAM03PT12		WT	TP53	WT	WT	0		0	1.0344996585330586	-0.745025711	-1.041686863
PAM03	PAM03PT13		WT	TP53	WT	WT	0		0	1.2009141160790795	-0.745025711	-1.422127864
PAM03	PAM03PT14		WT	TP53	WT	WT	0		0	1.202861752846609	-0.745025711	-0.923777735
PAM03	PAM03PT15		WT	TP53	WT	WT	0		0	0.8101593492175584	-0.745025711	-1.522603196
PAM03	PAM03PT16		WT	TP53	WT	WT	0		0	1.0129070910757194	-0.745025711	-1.05013407
PAM03	PAM03PT17		WT	TP53	WT	WT	0		0	1.3653057433088045	-0.745025711	-0.937873124
PAM03	PAM03PT18		WT	TP53	WT	WT	0		0	1.3743029569359415	-0.745025711	-0.594508751
PAM03	PAM03PT19		WT	TP53	WT	WT	0		0	0.8927578407423532	-0.745025711	-1.8673414
PAM03	PAM03PT20		WT	TP53	WT	WT	0		0	1.0924046042544233	-0.745025711	-0.504624133
PAM03	PAM03PT21		WT	TP53	WT	WT	0		0	0.5070104820070598	-0.745025711	-1.014783244
PAM03	PAM03PT22		WT	TP53	WT	WT	0		0	1.6183196623137017	-0.745025711	-0.17832186
PAM03	PAM03PT23		WT	TP53	WT	WT	0		0	1.3875688923112457	-0.745025711	-1.669214493
PAM03	PAM03PT24		WT	TP53	WT	WT	0		0	1.1332710257810925	-0.745025711	-1.186441207
PAM03	PAM03PT25		WT	TP53	WT	WT	0		0	0.9822926464448757	-0.745025711	-0.935556477
PAM03	PAM03PT26		WT	TP53	WT	WT	0		0	0.7223164965420616	-0.745025711	-2.226257916
PAM04	PAM04PT01	MutationCall		TP53	WT	WT	0		0	0.9427141827305905	-0.745025711	0.8481672396308005
PAM04	PAM04PT02	MutationCall		TP53	WT	WT	0		0	1.101956552690186	-0.745025711	-0.222441
PAM04	PAM04PT03	MutationCall		TP53	WT	WT	0		0	0.6890671834631089	-0.745025711	-1.911373311
PAM04	PAM04PT04	MutationCall		TP53	WT	WT	0		0	1.409747215	-0.745025711	-1.130257833
PAM04	PAM04PT05	MutationCall		TP53	WT	WT	0		0	0.5321350637132242	-0.745025711	-0.251786108
PAM04	PAM04PT06	MutationCall		TP53	WT	WT	0		0	0.052556612693676646	-0.745025711	1.1531185327768287
PAM04	PAM04PT07	MutationCall		TP53	WT	WT	0		0	0.9209067638795575	-0.745025711	0.091073188
PAM04	PAM04PT08	MutationCall		TP53	WT	WT	0		0	0.9875676295010595	-0.745025711	-1.67446884
PAM16	PAM16PT01	MutationCall		TP53	WT	WT	0		0	1.5488908947660103	-0.745025711	0.3696643728463636
PAM16	PAM16PT02	MutationCall		TP53	WT	WT	0		0	1.0754028892906065	-0.745025711	-0.254969738
PAM16	PAM16PT03	MutationCall		TP53	WT	WT	0		0	0.494170648	-0.745025711	-0.0042963
PAM16	PAM16PT04	MutationCall		TP53	WT	WT	0		0	1.530394014001191	-0.745025711	-0.356513076
PAM22	PAM22PT01	MutationCall	yes	TP53	c.86dupA	N29Kfs*14	1	0.338709677	0.33870968	-1.271483203	1.0924051961928296	-0.105980947
PAM22	PAM22PT02	MutationCall	yes	TP53	c.86dupA	N29Kfs*14	1	0.459770115	0.45977011	-1.271483203	1.2212675310607217	0.8776849343140838
PAM22	PAM22PT04	MutationCall	yes	TP53	c.86dupA	N29Kfs*14	1	0.317073171	0.31707317	-1.271483203	0.6048113207649554	2.4889196814988064
PAM22	PAM22PT05	MutationCall	yes	TP53	c.86dupA	N29Kfs*14	1	0.23655914	0.23655914	-1.271483203	0.27040662760958195	-0.741012375
PAM22	PAM22PT07	MutationCall	yes	TP53	c.86dupA	N29Kfs*14	1	0.415584416	0.41558442	-1.271483203	1.3163495717698845	-0.96172374
PAM22	PAM22PT08	MutationCall	yes	TP53	c.86dupA	N29Kfs*14	1	0.604938272	0.60493827	-1.271483203	1.635363137443596	1.2607392174587368
PAM22	PAM22PT01			TP53	WT	WT	0		0	0.8736071940256781	-0.745025711	-0.894746038
PAM22	PAM22PT11			TP53	WT	WT	0		0	0.640842969	-0.745025711	1.326395189092628
PAM22	PAM22PT12			TP53	WT	WT	0		0	0.8964984448788752	-0.745025711	1.2749351312425232
PAM24	PAM24PT01	MutationCall	yes	TP53	c.488A>G	Y163C	0.8140275675555555	0.167279412	0.16727941	-0.802009956	0.078713847	-0.341816756
PAM25	PAM25PT01	MutationCall	yes	TP53	c.818G>A	R273H	0.919362014	0.208	0.208	-1.092610799	0.2818596198122538	-0.528517933
PAM27	PAM27PT01	MutationCall	yes	TP53	c.817C>T	R273C	0.9161558208888889	0.22005571	0.22005571	-1.086947819	0.4382467785672757	-1.163093625
PAM27	PAM27PT02	MutationCall	yes	TP53	c.817C>T	R273C	0.9161558208888889	0.203389831	0.20338983	-1.103090898	0.19828322431517023	-2.10169232
PAM27	PAM27PT03	MutationCall	yes	TP53	c.817C>T	R273C	0.9161558208888889	0.170212766	0.17021277	-1.055876365	0.23970712166176106	-0.902004018
PAM28	PAM28PT01	MutationCall		TP53	WT	WT	0		0	1.524126978922527	-0.745025711	0.4634557739482321
PAM28	PAM28PT02	MutationCall		TP53	WT	WT	0		0	1.5833810391694467	-0.745025711	0.8557126293117547
PAM28	PAM28PT03	MutationCall		TP53	WT	WT	0		0	0.9537958567308191	-0.745025711	-0.918629325
PAM28	PAM28PT04	MutationCall		TP53	WT	WT	0		0	1.133600273141597	-0.745025711	0.13304742649494494
PAM28	PAM28PT05	MutationCall		TP53	WT	WT	0		0	0.4565275976438197	-0.745025711	1.9724265396393483
PAM28	PAM28PT06			TP53	WT	WT	0		0	1.1783746836747484	-0.745025711	1.5523323288439765
PAM28	PAM28PT07			TP53	WT	WT	0		0	1.5311330696366536	-0.745025711	1.0903755896344747
PAM29	PAM29PT01	MutationCall		TP53	WT	WT	0		0	1.193750745791181	-0.745025711	-2.084411068
PAM39	PAM39PT02	MutationCall	yes	TP53	c.817C>T	R273C	0.9161558208888889	0.516129032	0.51612903	-1.178483317	1.3357490764759403	0.6426570467282315
PAM39	PAM39PT03	MutationCall	yes	TP53	c.817C>T	R273C	0.9161558208888889	0.302222222	0.30222222	-1.124761775	0.6222250100278774	1.7163134561548943
PAM39	PAM39PT04	MutationCall	yes	TP53	c.817C>T	R273C	0.9161558208888889	0.10212766	0.10212766	-1.114675891	-0.399498058	1.076065707933374
PAM39	PAM39PT05	MutationCall	yes	TP53	c.817C>T	R273C	0.9161558208888889	0.631944444	0.63194444	-1.194393443	2.0119878608054718	1.1113357638712724
PAM39	PAM39PT06	MutationCall	yes	TP53	c.817C>T	R273C	0.9161558208888889	0.638297872	0.63829787	-1.18776705	2.5253499402374526	1.708123938920833
PAM39	PAM39PT07	MutationCall	yes	TP53	c.817C>T	R273C	0.9161558208888889	0.581673307	0.58167331	-1.172008556	2.177162273895928	1.4031742851881495
PAM39	PAM39PT08	MutationCall	yes	TP53	c.817C>T	R273C	0.9161558208888889	0.407239819	0.40723982	-1.124668837	1.3680448011889994	1.1511831581881462
PAM39	PAM39PT09	MutationCall	yes	TP53	c.817C>T	R273C	0.9161558208888889	0.578680203	0.5786802	-1.175407284	2.080589103644664	1.4895671716507777
PAM46	PAM46PT02	MutationCall	yes	TP53	c.659A>G	Y220C	0.871944402	0.598425197	0.5984252	-1.22817717	0.011091312166718725	-0.957574292
PAM46	PAM46PT03	MutationCall	yes	TP53	c.659A>G	Y220C	0.871944402	0.495495495	0.4954955	-1.186040655	0.3337681286395641	-0.584671414
PAM46	PAM46PT07	MutationCall	yes	TP53	c.659A>G	Y220C	0.871944402	0.537634409	0.53763441	-1.210642555	0.081583405	-1.044963618
PAM46	PAM46PT01			TP53	WT	WT	0		0	0.39374080644072684	-0.745025711	0.2584416572779822
PAM46	PAM46PT11			TP53	WT	WT	0		0	-0.060658838	-0.745025711	-0.267912187
PAM47	PAM47PT01	MutationCall	yes	TP53	c.659A>G	Y220C	0.871944402	0.54954955	0.54954955	-1.127250525	1.4097715879375352	-0.108974985
PAM47	PAM47PT02	MutationCall	yes	TP53	c.659A>G	Y220C	0.871944402	0.303921569	0.30392157	-1.034212834	0.5435057814656731	-0.923443655
PAM47	PAM47PT03	MutationCall	yes	TP53	c.659A>G	Y220C	0.871944402	0.382716049	0.38271605	-1.071275744	0.8132101986825013	-0.816786236
PAM47	PAM47PT04	MutationCall	yes	TP53	c.659A>G	Y220C	0.871944402	0.35483871	0.35483871	-0.978980295	1.3513355061847836	0.5216627698000768
PAM47	PAM47PT05	MutationCall	yes	TP53	c.659A>G	Y220C	0.871944402	0.325301205	0.3253012	-1.014035992	0.8982542094863846	0.6503018996169182
PAM47	PAM47PT06	MutationCall	yes	TP53	c.659A>G	Y220C	0.871944402	0.256880734	0.25688073	-1.007594716	0.40287433320631083	-0.320053142
PAM47	PAM47PT07	MutationCall	yes	TP53	c.659A>G	Y220C	0.871944402	0.670886076	0.67088608	-1.160116129	2.189609085892452	0.024454967256294573
PAM48	PAM48PT01	MutationCall	yes	TP53	c.880delG	E294Sfs*51	1	0.609947644	0.60994764	-1.271483203	3.1032928283159817	-1.244855716
PAM48	PAM48PT02	MutationCall	yes	TP53	c.880delG	E294Sfs*51	1	0.083086053	0.08308605	-1.271483203	-0.600876678	-1.699609971
PAM49	PAM49PT01	MutationCall	yes	TP53	c.902dupC	G302Rfs*4	1	0.329639889	0.32963989	-1.271483203	0.6901639492333571	0.8136374177549154
PAM49	PAM49PT02	MutationCall	yes	TP53	c.902dupC	G302Rfs*4	1	0.246376812	0.24637681	-1.271483203	0.3657632353706022	-0.035196669
PAM49	PAM49PT03	MutationCall	yes	TP53	c.902dupC	G302Rfs*4	1	0.464019851	0.46401985	-1.271483203	1.245175736586511	0.26536788562182884
PAM49	PAM49PT04	MutationCall	yes	TP53	c.902dupC	G302Rfs*4	1	0.292626728	0.29262673	-1.271483203	0.5734958498912612	0.8525572340496034
PAM49	PAM49PT05	MutationCall	yes	TP53	c.902dupC	G302Rfs*4	1	0.483950617	0.48395062	-1.271483203	0.45308744281290236	-1.918979102
PAM49	PAM49PT06	MutationCall	yes	TP53	c.902dupC	G302Rfs*4	1	0.230113636	0.23011364	-1.271483203	0.5267822958090822	-0.525664409
PAM50	PAM50PT01	MutationCall	yes	TP53	c.375+2delT	X125_splice	0.3441513077777778	0.125	0.125	0.6120248160767064	-0.485609487	-0.296218945
PAM50	PAM50PT02	MutationCall	yes	TP53	c.375+2delT	X125_splice	0.3441513077777778	0.191836735	0.19183674	0.21237592939866928	-0.431846494	0.3981413187548857
PAM51	PAM51PT01	MutationCall	yes	TP53	c.818G>A	R273H	0.919362014	0.138613861	0.13861386	-1.017728921	0.18795822245286883	-1.084999283
PAM52	PAM52PT01	MutationCall	yes	TP53	c.1024C>T	R342*	1	0.476744186	0.47674419	-1.271483203	1.4602752061375155	-0.279186519
PAM52	PAM52PT02	MutationCall	yes	TP53	c.1024C>T	R342*	1	0.656410256	0.65641026	-1.271483203	3.5024248095248978	0.9567433580169181
PAM52	PAM52PT03	MutationCall	yes	TP53	c.1024C>T	R342*	1	0.619318182	0.61931818	-1.271483203	2.8733019891092306	-0.174515876
PAM53	PAM53PT01	MutationCall	yes	TP53	c.103_106delTTGC	L35Rfs*8	1	0.30625	0.30625	-1.271483203	0.10933779968661043	0.028490219267381208
PAM53	PAM53PT02	MutationCall	yes	TP53	c.103_106delTTGC	L35Rfs*8	1	0.710900474	0.71090047	-1.271483203	2.1596860567347855	0.17665840973578867
PAM53	PAM53PT03	MutationCall	yes	TP53	c.103_106delTTGC	L35Rfs*8	1	0.281553398	0.2815534	-1.271483203	0.097438538	1.7525479728167428
PAM53	PAM53PT04	MutationCall	yes	TP53	c.103_106delTTGC	L35Rfs*8	1	0.502392344	0.50239234	-1.271483203	1.446321834846618	0.48375197758262894
PAM53	PAM53PT05	MutationCall	yes	TP53	c.103_106delTTGC	L35Rfs*8	1	0.537790698	0.5377907	-1.271483203	1.4481390960925888	0.3222220109396709
PAM53	PAM53PT06			TP53	WT	WT	0		0	0.7569227134514689	-0.745025711	-0.297583778
PAM53	PAM53PT07			TP53	WT	WT	0		0	0.7522454099140309	-0.745025711	0.7571086217200872
PAM53	PAM53PT08			TP53	WT	WT	0		0	1.254935089727454	-0.745025711	-0.480762247
PAM53	PAM53PT09			TP53	WT	WT	0		0	1.2393453289737717	-0.745025711	0.23291910635826285
PAM53	PAM53PT01			TP53	WT	WT	0		0	1.6569653849001764	-0.745025711	-0.557846819
PAM53	PAM53PT11			TP53	WT	WT	0		0	1.1315747904906979	-0.745025711	-1.261034736
PAM53	PAM53PT12			TP53	WT	WT	0		0	1.5459327892439538	-0.745025711	0.000128018
PAM53	PAM53PT13			TP53	WT	WT	0		0	1.604140266330554	-0.745025711	0.4473599993673828
PAM53	PAM53PT14			TP53	WT	WT	0		0	0.6857768004986711	-0.745025711	0.6336629914929048
PAM53	PAM53PT15			TP53	WT	WT	0		0	0.6903101531728444	-0.745025711	0.8298816596576911
PAM53	PAM53PT16			TP53	WT	WT	0		0	1.5409323179752519	-0.745025711	-0.44858303
PAM53	PAM53PT17			TP53	WT	WT	0		0	0.7125926634765969	-0.745025711	-0.677313494
PAM53	PAM53PT18			TP53	WT	WT	0		0	0.36461021012623906	-0.745025711	0.6938658624337175
PAM54	PAM54PT01	MutationCall	yes	TP53	c.559+1G>A	X187_splice	0.3441513077777778	0.400793651	0.40079365	-0.293785029	-0.061267831	0.8267296969172341
PAM54	PAM54PT02	MutationCall	yes	TP53	c.559+1G>A	X187_splice	0.3441513077777778	0.650154799	0.6501548	-0.809299373	0.1345903335749153	1.0337976808743183
PAM54	PAM54PT03	MutationCall	yes	TP53	c.559+1G>A	X187_splice	0.3441513077777778	0.334459459	0.33445946	-0.121340328	-0.144929521	0.9036497743634889
PAM54	PAM54PT04	MutationCall	yes	TP53	c.559+1G>A	X187_splice	0.3441513077777778	0.291497976	0.29149798	-0.171934332	-0.273988735	-0.177369999
PAM54	PAM54PT05	MutationCall	yes	TP53	c.559+1G>A	X187_splice	0.3441513077777778	0.536144578	0.53614458	-0.367747468	0.35263994261456133	0.7863839865195568
PAM54	PAM54PT06	MutationCall	yes	TP53	c.559+1G>A	X187_splice	0.3441513077777778	0.413793103	0.4137931	-0.374018992	-0.070578955	0.9693037643564972
PAM54	PAM54PT07	MutationCall	yes	TP53	c.559+1G>A	X187_splice	0.3441513077777778	0.655021834	0.65502183	-0.771174425	0.25058282064476983	1.0851370143748542
PAM54	PAM54PT08	MutationCall	yes	TP53	c.559+1G>A	X187_splice	0.3441513077777778	0.363970588	0.36397059	-0.256904008	-0.138263572	0.8145636084235567
PAM54	PAM54PT09	MutationCall	yes	TP53	c.559+1G>A	X187_splice	0.3441513077777778	0.517094017	0.51709402	-0.565278108	0.016946416982216713	1.4854967993072765
PAM54	PAM54PT01	MutationCall	yes	TP53	c.559+1G>A	X187_splice	0.3441513077777778	0.585774059	0.58577406	-0.63869278	0.13202759905701927	-0.307991105
PAM54	PAM54PT11	MutationCall	yes	TP53	c.559+1G>A	X187_splice	0.3441513077777778	0.639405204	0.6394052	-0.65229591	0.39179116765170824	1.441558619901469
PAM54	PAM54PT12	MutationCall	yes	TP53	c.559+1G>A	X187_splice	0.3441513077777778	0.633879781	0.63387978	-0.658391089	0.38891718294525013	1.020369473621701
PAM54	PAM54PT13	MutationCall	yes	TP53	c.559+1G>A	X187_splice	0.3441513077777778	0.53539823	0.53539823	-0.543466929	0.071425045	1.7393581977427066
PAM54	PAM54PT14	MutationCall	yes	TP53	c.559+1G>A	X187_splice	0.3441513077777778	0.63898917	0.63898917	-0.692482375	0.35197111891986127	1.541646532237393
PAM54	PAM54PT15	MutationCall	yes	TP53	c.559+1G>A	X187_splice	0.3441513077777778	0.206642066	0.20664207	0.20602853104016192	-0.324671425	0.7562790170887556
PAM54	PAM54PT16			TP53	WT	WT	0		0	1.243261148900393	-0.745025711	1.0320895371725287
PAM54	PAM54PT17			TP53	WT	WT	0		0	0.6088536057910593	-0.745025711	0.3781648724473917
PAM54	PAM54PT19			TP53	WT	WT	0		0	1.0002884331767627	-0.745025711	1.7310579155951549
PAM54	PAM54PT27			TP53	WT	WT	0		0	1.5498647678443447	-0.745025711	1.576121116129834
PAM55	PAM55PT01	MutationCall	yes	TP53	c.920-2A>G	X307_splice	0.3441513077777778	0.192405063	0.19240506	-0.086256633	-0.448872308	0.14018860856898444
PAM55	PAM55PT02	MutationCall	yes	TP53	c.920-2A>G	X307_splice	0.3441513077777778	0.289855072	0.28985507	-0.445347212	-0.402153247	-0.95728696
PAM55	PAM55PT03	MutationCall	yes	TP53	c.920-2A>G	X307_splice	0.3441513077777778	0.268882175	0.26888218	0.12809771259237837	-0.210818856	-1.882079656
PAM55	PAM55PT04	MutationCall	yes	TP53	c.920-2A>G	X307_splice	0.3441513077777778	0.312302839	0.31230284	-0.50181422	-0.381780511	-1.216447117
PAM55	PAM55PT05	MutationCall	yes	TP53	c.920-2A>G	X307_splice	0.3441513077777778	0.295918367	0.29591837	-0.176974825	-0.258280897	-0.421539642
PAM55	PAM55PT06	MutationCall	yes	TP53	c.920-2A>G	X307_splice	0.3441513077777778	0.4	0.4	-0.405544706	-0.219696505	-0.696495098
PAM55	PAM55PT07	MutationCall	yes	TP53	c.920-2A>G	X307_splice	0.3441513077777778	0.172413793	0.17241379	-0.100612583	-0.498972392	-1.378164798
PAM55	PAM55PT08	MutationCall	yes	TP53	c.920-2A>G	X307_splice	0.3441513077777778	0.238255034	0.23825503	-0.167879425	-0.387517875	-0.764267062
PAM55	PAM55PT09	MutationCall	yes	TP53	c.920-2A>G	X307_splice	0.3441513077777778	0.212	0.212	-0.210831755	-0.451098866	-0.38462796
PAM55	PAM55PT01	MutationCall	yes	TP53	c.920-2A>G	X307_splice	0.3441513077777778	0.164335664	0.16433566	-0.156901932	-0.52301112	-0.239227189
PAM55	PAM55PT11	MutationCall	yes	TP53	c.920-2A>G	X307_splice	0.3441513077777778	0.1	0.1	-0.04494899	-0.601159447	-0.242144816
PAM55	PAM55PT12	MutationCall	yes	TP53	c.920-2A>G	X307_splice	0.3441513077777778	0.092261905	0.09226191	-0.078813873	-0.618376095	0.4229884662133776
PAM55	PAM55PT13			TP53	WT	WT	0		0	1.1526722408838512	-0.745025711	-0.471514881
PAM55	PAM55PT14			TP53	WT	WT	0		0	0.9786341081513903	-0.745025711	-0.970188152
PAM55	PAM55PT15			TP53	WT	WT	0		0	1.1261116262935182	-0.745025711	0.075766574
PAM55	PAM55PT16			TP53	WT	WT	0		0	1.4751371442266419	-0.745025711	-0.189118051
PAM55	PAM55PT17			TP53	WT	WT	0		0	0.7722119551297746	-0.745025711	0.098144851
PAM55	PAM55PT18			TP53	WT	WT	0		0	0.9019652499836944	-0.745025711	-0.443979004
PAM56	PAM56PT01	MutationCall	yes	TP53	c.338T>G	F113C	0.6986572162222222	0.224852071	0.22485207	-0.714867741	-0.047771696	-0.944967199
PAM56	PAM56PT02	MutationCall	yes	TP53	c.338T>G	F113C	0.6986572162222222	0.539772727	0.53977273	-0.877339872	1.2078592528336773	1.4367454252721332
PAM56	PAM56PT03	MutationCall	yes	TP53	c.338T>G	F113C	0.6986572162222222	0.475	0.475	-0.830903298	0.9775658769914488	0.8867018286265935
PAM56	PAM56PT04	MutationCall	yes	TP53	c.338T>G	F113C	0.6986572162222222	0.519313305	0.5193133	-0.8395666	1.242078670265479	1.260313822483586
PAM56	PAM56PT05	MutationCall	yes	TP53	c.338T>G	F113C	0.6986572162222222	0.444816054	0.44481605	-0.85253216	0.6770818208745619	0.077319133
PAM56	PAM56PT06	MutationCall	yes	TP53	c.338T>G	F113C	0.6986572162222222	0.440677966	0.44067797	-1.197116825	-0.530107098	-0.866654233
PAM56	PAM56PT07	MutationCall	yes	TP53	c.338T>G	F113C	0.6986572162222222	0.534482759	0.53448276	-1.130984417	-0.105021007	0.9260133560999615