Sample_ID	data	TP53_call	Patient_ID	Gene	HGVSc	HGVSp_Short	Prob MT p53	VAF	ccf_Mcopies	ADAR1 Term	ORF1p Term	IFN Term
MPAM01PT1	MutationCall	mut	MPAM01	TP53	c.406C>G	Q136E	0.7364080264444444	0.1089109	0.915	-0.507257935289732	0.799451113437105	1.7180950158238038
MPAM01PT2	MutationCall	mut	MPAM01	TP53	c.406C>G	Q136E	0.7364080264444444	0.362069	1.0	-0.5783098637199541	1.079355313511333	1.2796148837922416
MPAM01PT3	MutationCall	mut	MPAM01	TP53	c.406C>G	Q136E	0.7364080264444444	0.2705882	1.0	-0.5783098637199541	-0.40534791020337313	0.04002939221502915
MPAM01PT4	MutationCall	mut	MPAM01	TP53	c.406C>G	Q136E	0.7364080264444444	0.3611111	1.0	-0.5783098637199541	0.8045236723209795	3.060770537503874
MPAM01PT5	MutationCall	mut	MPAM01	TP53	c.406C>G	Q136E	0.7364080264444444	0.5666667	1.0	-0.5783098637199541	0.16362738174615887	0.33256099338599976
MPAM03PT1	MutationCall	WT	MPAM03	TP53	WT	WT	0.0		0.0	0.8396784184209005	-1.3078576707500855	2.02787896385709
MPAM03PT2	MutationCall	WT	MPAM03	TP53	WT	WT	0.0		0.0	1.5676918420389825	-1.3078576707500855	0.6496567997391645
MPAM03PT3	MutationCall	WT	MPAM03	TP53	WT	WT	0.0		0.0	2.2119687608622547	-1.3078576707500855	-0.29338863196761705
MPAM04PT1	MutationCall	mut	MPAM04	TP53	c.734G>A	G245D	0.8482310742222222	0.5645161	1.0	-0.5783098637199541	1.2533061507622587	-0.4407351237873832
MPAM04PT2	MutationCall	mut	MPAM04	TP53	c.734G>A	G245D	0.8482310742222222	0.6222222	1.0	-0.5783098637199541	0.7478535694108883	-0.6713616007068599
MPAM04PT3	MutationCall	mut	MPAM04	TP53	c.734G>A	G245D	0.8482310742222222	0.4210526	1.0	-0.5783098637199541	0.4319670804076255	0.5530711024495972
MPAM04PT4	MutationCall	mut	MPAM04	TP53	c.734G>A	G245D	0.8482310742222222	0.6296296	1.0	-0.5783098637199541	0.9741613513258548	-0.4909959467633049
MPAM04PT5	MutationCall	mut	MPAM04	TP53	c.734G>A	G245D	0.8482310742222222	0.6034483	1.0	-0.5783098637199541	1.5748474576668425	0.043175899138129394
MPAM04PT6	MutationCall	mut	MPAM04	TP53	c.734G>A	G245D	0.8482310742222222	0.7868852	1.0	-0.5783098637199541	1.7303251366758206	-1.3510601786481449
MPAM04PT7	MutationCall	mut	MPAM04	TP53	c.734G>A	G245D	0.8482310742222222	0.7358491	1.0	-0.5783098637199541	0.7115099996719008	-0.7760019008039768
MPAM04PT8	MutationCall	mut	MPAM04	TP53	c.734G>A	G245D	0.8482310742222222	0.4578313	0.863	-0.5148202911194075	1.0023599424106409	-0.5035101537337695
MPAM04PT9	MutationCall	mut	MPAM04	TP53	c.734G>A	G245D	0.8482310742222222	0.8275862	1.0	-0.5783098637199541	0.771738685901456	-0.24087947253038314
MPAM04PT10	MutationCall	mut	MPAM04	TP53	c.734G>A	G245D	0.8482310742222222	0.8888889	1.0	-0.5783098637199541	1.1913437271654739	-0.6076194403568179
MPAM04PT11	MutationCall	mut	MPAM04	TP53	c.734G>A	G245D	0.8482310742222222	0.7846154	1.0	-0.5783098637199541	0.9232615603593316	-0.5159636396628209
MPAM05PT1	MutationCall	mut	MPAM05	TP53	c.78delT	P27Lfs*17	1.0	0.6493506	0.975	-0.5783098637199541	1.6824306676735765	-0.38392460350400565
MPAM05PT2	MutationCall	mut	MPAM05	TP53	c.78delT	P27Lfs*17	1.0	0.5974026	0.857	-0.5783098637199541	1.2161587492518584	-0.7958668543539972
MPAM05PT3	MutationCall	mut	MPAM05	TP53	c.78delT	P27Lfs*17	1.0	0.4	0.87	-0.5783098637199541	1.246506716000761	-0.9458161757893551
MPAM06PT1	MutationCall	mut	MPAM06	TP53	c.560-1G>A	X187_splice	0.3441513077777778	0.2173913	0.933	-0.441301135025159	-0.2637425552087783	0.10150968798753635
MPAM06PT2	MutationCall	mut	MPAM06	TP53	c.560-1G>A	X187_splice	0.3441513077777778	0.2254902	0.856	-0.3059576394058268	-0.40643065774921555	0.03197855060051783
MPAM06PT3	MutationCall	mut	MPAM06	TP53	c.560-1G>A	X187_splice	0.3441513077777778	0.2857143	1.0	-0.5783098637199541	-0.04498939264932647	0.6215854182474387
MPAM06PT4	MutationCall	mut	MPAM06	TP53	c.560-1G>A	X187_splice	0.3441513077777778	0.5932203	0.968	-0.5278829240954931	-0.5380535488556508	-1.2383249881494893
MPAM06PT5	MutationCall	mut	MPAM06	TP53	c.560-1G>A	X187_splice	0.3441513077777778	0.07692308	0.357	0.6200006136225852	-0.9635486479446564	5.169955262452055
MPAM06PT8	MutationCall	mut	MPAM06	TP53	c.560-1G>A	X187_splice	0.3441513077777778	0.4831461	1.0	-0.5783098637199541	-0.035676372287050236	1.6490026263746922
MPAM06PT9	MutationCall	mut	MPAM06	TP53	c.560-1G>A	X187_splice	0.3441513077777778	0.3164557	1.0	-0.5783098637199541	-0.5973662054136036	-0.12881366194240224
MPAM06PT10	MutationCall	mut	MPAM06	TP53	c.560-1G>A	X187_splice	0.3441513077777778	0.5	1.0	-0.5783098637199541	-0.013963561264662023	0.2634220775933457
PAM02PT1	MutationCall	mut	PAM02	TP53	c.1031T>C	L344P	0.7634664857777778	0.275862069	1.0	-0.5783098637199541	0.10237192632767803	0.06905151927368998
PAM02PT2	MutationCall	mut	PAM02	TP53	c.1031T>C	L344P	0.7634664857777778	0.517241379	1.0	-0.5783098637199541	0.5557471871825173	0.8894276300403356
PAM02PT3	MutationCall	mut	PAM02	TP53	c.1031T>C	L344P	0.7634664857777778	0.357142857	1.0	-0.5783098637199541	0.8218907559926365	1.3715190937287676
PAM02PT5	MutationCall	mut	PAM02	TP53	c.1031T>C	L344P	0.7634664857777778	0.555555556	1.0	-0.5783098637199541	0.7007936740636697	0.6642126399367005
PAM02PT8	MutationCall	mut	PAM02	TP53	c.1031T>C	L344P	0.7634664857777778	0.533333333	1.0	-0.5783098637199541	-0.11643711264031821	1.0117032525139777
PAM02PT9	MutationCall	mut	PAM02	TP53	c.1031T>C	L344P	0.7634664857777778	0.42	1.0	-0.5783098637199541	0.29731360337784984	-0.0461752300142408
PAM02PT10	MutationCall	mut	PAM02	TP53	c.1031T>C	L344P	0.7634664857777778	0.385714286	1.0	-0.5783098637199541	0.5766369500654899	1.4341163351452126
PAM02PT11	MutationCall	mut	PAM02	TP53	c.1031T>C	L344P	0.7634664857777778	0.489795918	0.908	-0.5114777782652546	0.8187915519410246	0.7564574170732701
PAM03PT1	MutationCall	WT	PAM03	TP53	WT	WT	0.0		0.0	1.226037386460427	-1.3078576707500855	-0.6877220341250126
PAM03PT2	MutationCall	WT	PAM03	TP53	WT	WT	0.0		0.0	0.18575830725259038	-1.3078576707500855	-1.02893513595387
PAM03PT3	MutationCall	WT	PAM03	TP53	WT	WT	0.0		0.0	2.3887198667701846	-1.3078576707500855	-0.46253303908182086
PAM03PT4	MutationCall	WT	PAM03	TP53	WT	WT	0.0		0.0	1.9736935049628477	-1.3078576707500855	-0.3789571371975966
PAM03PT5	MutationCall	WT	PAM03	TP53	WT	WT	0.0		0.0	1.854567614824767	-1.3078576707500855	-0.845212332444744
PAM03PT6	MutationCall	WT	PAM03	TP53	WT	WT	0.0		0.0	1.459123694387262	-1.3078576707500855	-1.3212843089105786
PAM03PT7	MutationCall	WT	PAM03	TP53	WT	WT	0.0		0.0	1.0347475636666275	-1.3078576707500855	-0.7430420989532189
PAM03PT8	MutationCall	WT	PAM03	TP53	WT	WT	0.0		0.0	1.60798864076464	-1.3078576707500855	-1.7912752315036493
PAM03PT9	MutationCall	WT	PAM03	TP53	WT	WT	0.0		0.0	2.1696972311399185	-1.3078576707500855	-1.0416895908042254
PAM03PT10	MutationCall	WT	PAM03	TP53	WT	WT	0.0		0.0	2.5309048028735712	-1.3078576707500855	-0.6825418592601736
PAM03PT11	MutationCall	WT	PAM03	TP53	WT	WT	0.0		0.0	2.190397758929148	-1.3078576707500855	-1.2713472935995267
PAM04PT1	MutationCall	WT	PAM04	TP53	WT	WT	0.0		0.0	1.9026612365349194	-1.3078576707500855	1.342376038529038
PAM04PT2	MutationCall	WT	PAM04	TP53	WT	WT	0.0		0.0	2.0653971527499935	-1.3078576707500855	-0.3024684937778458
PAM04PT3	MutationCall	WT	PAM04	TP53	WT	WT	0.0		0.0	1.4877201871266037	-1.3078576707500855	-1.6892628950474418
PAM04PT4	MutationCall	WT	PAM04	TP53	WT	WT	0.0		0.0	2.3367291045257663	-1.3078576707500855	-0.9684362468802784
PAM04PT5	MutationCall	WT	PAM04	TP53	WT	WT	0.0		0.0	1.3957432256353945	-1.3078576707500855	-0.3242261957684534
PAM04PT6	MutationCall	WT	PAM04	TP53	WT	WT	0.0		0.0	0.9342015566103152	-1.3078576707500855	1.4603843165243988
PAM04PT7	MutationCall	WT	PAM04	TP53	WT	WT	0.0		0.0	1.888212472667576	-1.3078576707500855	-0.06024121916936558
PAM04PT8	MutationCall	WT	PAM04	TP53	WT	WT	0.0		0.0	1.8960251260536563	-1.3078576707500855	-1.6531034951968926
PAM16PT1	MutationCall	WT	PAM16	TP53	WT	WT	0.0		0.0	2.510878284466491	-1.3078576707500855	-0.34081447101584944
PAM16PT2	MutationCall	WT	PAM16	TP53	WT	WT	0.0		0.0	1.9708381886773851	-1.3078576707500855	-0.3912859175542551
PAM16PT3	MutationCall	WT	PAM16	TP53	WT	WT	0.0		0.0	1.3499711578411968	-1.3078576707500855	0.31374969472971476
PAM16PT4	MutationCall	WT	PAM16	TP53	WT	WT	0.0		0.0	2.4716961341341688	-1.3078576707500855	-0.8346817624443594
PAM22PT1	MutationCall	mut	PAM22	TP53	c.86dupA	N29Kfs*14	1.0	0.338709677	0.68	-0.5783098637199541	0.7026479372970827	-0.21750509326223794
PAM22PT2	MutationCall	mut	PAM22	TP53	c.86dupA	N29Kfs*14	1.0	0.459770115	0.683	-0.5783098637199541	0.29509802065010055	0.5306797102715698
PAM22PT5	MutationCall	mut	PAM22	TP53	c.86dupA	N29Kfs*14	1.0	0.23655914	0.792	-0.5783098637199541	0.4815069241204631	0.0952381894645765
PAM22PT7	MutationCall	mut	PAM22	TP53	c.86dupA	N29Kfs*14	1.0	0.415584416	0.82	-0.5783098637199541	0.856379365528382	-0.010512000335172722
PAM22PT8	MutationCall	mut	PAM22	TP53	c.86dupA	N29Kfs*14	1.0	0.604938272	0.894	-0.5783098637199541	0.6120969914970309	1.7247206547242746
PAM24PT1	MutationCall	mut	PAM24	TP53	c.488A>G	Y163C	0.8140275675555555	0.167279412	0.592	-0.3252989856868297	0.3115585442316599	-0.30798411550513727
PAM25PT1	MutationCall	mut	PAM25	TP53	c.818G>A	R273H	0.919362014	0.208	0.663	-0.49385901715099867	0.5195445178311573	0.07702256838561747
PAM27PT1	MutationCall	mut	PAM27	TP53	c.817C>T	R273C	0.9161558208888889	0.22005571	0.59	-0.47415746244495305	0.400552757260576	-1.0343168336336994
PAM27PT2	MutationCall	mut	PAM27	TP53	c.817C>T	R273C	0.9161558208888889	0.203389831	0.849	-0.544668836162709	0.7430701412228556	-1.7505447715474065
PAM27PT3	MutationCall	mut	PAM27	TP53	c.817C>T	R273C	0.9161558208888889	0.170212766	0.813	-0.5247618345907349	1.3066244426255922	-1.201251065882961
PAM28PT1	MutationCall	WT	PAM28	TP53	WT	WT	0.0		0.0	2.5383893452867805	-1.3078576707500855	-0.3373667706771385
PAM28PT2	MutationCall	WT	PAM28	TP53	WT	WT	0.0		0.0	2.6339891919096923	-1.3078576707500855	0.09972136106415094
PAM28PT3	MutationCall	WT	PAM28	TP53	WT	WT	0.0		0.0	1.8837548228200791	-1.3078576707500855	-0.8775542321877857
PAM28PT4	MutationCall	WT	PAM28	TP53	WT	WT	0.0		0.0	2.074333560518241	-1.3078576707500855	0.08367744147866944
PAM28PT5	MutationCall	WT	PAM28	TP53	WT	WT	0.0		0.0	1.3290248636771	-1.3078576707500855	2.1198926441999495
PAM29PT1	MutationCall	WT	PAM29	TP53	WT	WT	0.0		0.0	2.0402556190610386	-1.3078576707500855	-1.826130342572726
PAM39PT2	MutationCall	mut	PAM39	TP53	c.817C>T	R273C	0.9161558208888889	0.516129032	1.0	-0.5783098637199541	0.911361819610869	-0.36007652663459117
PAM39PT3	MutationCall	mut	PAM39	TP53	c.817C>T	R273C	0.9161558208888889	0.302222222	0.783	-0.5267467868197876	0.7157811978426657	1.9955885674923066
PAM39PT4	MutationCall	mut	PAM39	TP53	c.817C>T	R273C	0.9161558208888889	0.10212766	0.681	-0.514042163297485	0.030738234155637725	0.33230727747154437
PAM39PT5	MutationCall	mut	PAM39	TP53	c.817C>T	R273C	0.9161558208888889	0.631944444	1.0	-0.5783098637199541	1.057758791815812	0.3987891070689249
PAM39PT6	MutationCall	mut	PAM39	TP53	c.817C>T	R273C	0.9161558208888889	0.638297872	0.962	-0.568238614519008	1.5557029822767026	2.0664859682979038
PAM39PT7	MutationCall	mut	PAM39	TP53	c.817C>T	R273C	0.9161558208888889	0.581673307	1.0	-0.5783098637199541	1.483756489413367	0.6417855921358192
PAM39PT8	MutationCall	mut	PAM39	TP53	c.817C>T	R273C	0.9161558208888889	0.407239819	0.812	-0.526723131573389	1.0231835168778558	0.8981710662254132
PAM39PT9	MutationCall	mut	PAM39	TP53	c.817C>T	R273C	0.9161558208888889	0.578680203	1.0	-0.5783098637199541	1.4622751457248149	1.1511856003848908
PAM46PT2	MutationCall	mut	PAM46	TP53	c.659A>G	Y220C	0.871944402	0.598425197	0.9	-0.5663087712874686	-0.6810064359810651	-0.4936395304176556
PAM46PT3	MutationCall	mut	PAM46	TP53	c.659A>G	Y220C	0.871944402	0.495495495	1.0	-0.5783098637199541	-0.08203014848993785	-0.7000732781208261
PAM46PT7	MutationCall	mut	PAM46	TP53	c.659A>G	Y220C	0.871944402	0.537634409	0.965	-0.5730291089528794	-0.45519080167497633	-0.9963668826205144
PAM47PT1	MutationCall	mut	PAM47	TP53	c.659A>G	Y220C	0.871944402	0.54954955	0.972	-0.5684403445518093	0.7808035465129108	-0.038021615880490134
PAM47PT2	MutationCall	mut	PAM47	TP53	c.659A>G	Y220C	0.871944402	0.303921569	0.641	-0.44401404260160227	0.17571015462534845	-0.625703252425091
PAM47PT3	MutationCall	mut	PAM47	TP53	c.659A>G	Y220C	0.871944402	0.382716049	1.0	-0.5783098637199541	0.8741189705776512	-0.6448642015727559
PAM47PT4	MutationCall	mut	PAM47	TP53	c.659A>G	Y220C	0.871944402	0.35483871	1.0	-0.5783098637199541	2.082117232824629	0.820781586423239
PAM47PT5	MutationCall	mut	PAM47	TP53	c.659A>G	Y220C	0.871944402	0.325301205	0.977	-0.568608786724761	1.4383694415512842	1.0352391706590758
PAM47PT6	MutationCall	mut	PAM47	TP53	c.659A>G	Y220C	0.871944402	0.256880734	1.0	-0.5783098637199541	1.143362600292232	0.0685065648249721
PAM47PT7	MutationCall	mut	PAM47	TP53	c.659A>G	Y220C	0.871944402	0.670886076	1.0	-0.5783098637199541	1.0691180628107129	0.08870835929431412
PAM48PT1	MutationCall	mut	PAM48	TP53	c.880delG	E294Sfs*51	1.0	0.609947644	0.856	-0.5783098637199541	1.6726101558783795	-0.8820152429922421
PAM48PT2	MutationCall	mut	PAM48	TP53	c.880delG	E294Sfs*51	1.0	0.083086053	0.401	-0.5783098637199541	-0.9231113629650121	-1.579956571723177
PAM49PT1	MutationCall	mut	PAM49	TP53	c.902dupC	G302Rfs*4	1.0	0.329639889	0.909	-0.5783098637199541	0.8987941932001369	0.6985868813594565
PAM49PT2	MutationCall	mut	PAM49	TP53	c.902dupC	G302Rfs*4	1.0	0.246376812	1.0	-0.5783098637199541	1.1955584479851435	0.2965741419704385
PAM49PT3	MutationCall	mut	PAM49	TP53	c.902dupC	G302Rfs*4	1.0	0.464019851	0.831	-0.5783098637199541	0.6440020897216527	0.4246573745084992
PAM49PT4	MutationCall	mut	PAM49	TP53	c.902dupC	G302Rfs*4	1.0	0.292626728	0.888	-0.5783098637199541	0.9013343643981657	0.7007167972770447
PAM49PT5	MutationCall	mut	PAM49	TP53	c.902dupC	G302Rfs*4	1.0	0.483950617	0.935	-0.5783098637199541	-0.06055604446671782	-1.9339853321268603
PAM49PT6	MutationCall	mut	PAM49	TP53	c.902dupC	G302Rfs*4	1.0	0.230113636	0.974	-0.5783098637199541	1.7395206699368875	-0.629411975907041
PAM50PT1	MutationCall	mut	PAM50	TP53	c.375+2delT	X125_splice	0.3441513077777778	0.125	1.0	-0.5783098637199541	-0.12952779144440105	-0.29186137365467224
PAM50PT2	MutationCall	mut	PAM50	TP53	c.375+2delT	X125_splice	0.3441513077777778	0.191836735	0.679	0.09111397113205585	-0.6812399634658388	0.39891204063833796
PAM51PT1	MutationCall	mut	PAM51	TP53	c.818G>A	R273H	0.919362014	0.138613861	1.0	-0.5783098637199541	2.5003881599438396	-0.8571953745191215
PAM52PT1	MutationCall	mut	PAM52	TP53	c.1024C>T	R342*	1.0	0.476744186	1.0	-0.5783098637199541	1.254113792342478	-0.05397707821387789
PAM52PT2	MutationCall	mut	PAM52	TP53	c.1024C>T	R342*	1.0	0.656410256	0.969	-0.5783098637199541	2.282687292517214	1.006839471724449
PAM52PT3	MutationCall	mut	PAM52	TP53	c.1024C>T	R342*	1.0	0.619318182	1.0	-0.5783098637199541	1.9369645624352558	-0.43990714250572743
PAM53PT1	MutationCall	mut	PAM53	TP53	c.103_106delTTGC	L35Rfs*8	1.0	0.30625	1.0	-0.5783098637199541	0.22183564098907516	-0.4751301209875447
PAM53PT2	MutationCall	mut	PAM53	TP53	c.103_106delTTGC	L35Rfs*8	1.0	0.710900474	1.0	-0.5783098637199541	0.9719898615177073	0.5441093473782117
PAM53PT3	MutationCall	mut	PAM53	TP53	c.103_106delTTGC	L35Rfs*8	1.0	0.281553398	0.808	-0.5783098637199541	0.03544852592318789	2.060322247745902
PAM53PT4	MutationCall	mut	PAM53	TP53	c.103_106delTTGC	L35Rfs*8	1.0	0.502392344	0.974	-0.5783098637199541	1.064765025534631	-0.25545183031262947
PAM53PT5	MutationCall	mut	PAM53	TP53	c.103_106delTTGC	L35Rfs*8	1.0	0.537790698	0.907	-0.5783098637199541	0.7453450211906412	-0.12398750688579933
PAM54PT1	MutationCall	mut	PAM54	TP53	c.559+1G>A	X187_splice	0.3441513077777778	0.400793651	0.918	-0.42711209645692894	-0.41005109678100643	0.02927297322907411
PAM54PT2	MutationCall	mut	PAM54	TP53	c.559+1G>A	X187_splice	0.3441513077777778	0.650154799	0.981	-0.5503958896015503	-0.5647187268331237	-0.0330875566002552
PAM54PT3	MutationCall	mut	PAM54	TP53	c.559+1G>A	X187_splice	0.3441513077777778	0.334459459	0.973	-0.5258975039162488	-0.3155370568883681	0.14844657194079774
PAM54PT4	MutationCall	mut	PAM54	TP53	c.559+1G>A	X187_splice	0.3441513077777778	0.291497976	0.92	-0.4462060285159785	-0.5239541762825549	-0.8905059789676653
PAM54PT5	MutationCall	mut	PAM54	TP53	c.559+1G>A	X187_splice	0.3441513077777778	0.536144578	0.885	-0.3268217146310622	-0.28137801711641686	-0.10587951763322137
PAM54PT6	MutationCall	mut	PAM54	TP53	c.559+1G>A	X187_splice	0.3441513077777778	0.413793103	0.988	-0.5575020379039203	-0.38180138242065653	0.7204873584813697
PAM54PT7	MutationCall	mut	PAM54	TP53	c.559+1G>A	X187_splice	0.3441513077777778	0.655021834	1.0	-0.5783098637199541	-0.46180731434225836	0.5658359201682405
PAM54PT8	MutationCall	mut	PAM54	TP53	c.559+1G>A	X187_splice	0.3441513077777778	0.363970588	0.901	-0.4024196957493589	-0.46471966251848223	-0.2982186517363326
PAM54PT9	MutationCall	mut	PAM54	TP53	c.559+1G>A	X187_splice	0.3441513077777778	0.517094017	0.96	-0.5137234934953644	-0.5277571209978422	0.7667982780178234
PAM54PT10	MutationCall	mut	PAM54	TP53	c.559+1G>A	X187_splice	0.3441513077777778	0.585774059	1.0	-0.5783098637199541	-0.4895346499552984	-0.32075082376625025
PAM54PT11	MutationCall	mut	PAM54	TP53	c.559+1G>A	X187_splice	0.3441513077777778	0.639405204	1.0	-0.5783098637199541	-0.275058887033807	0.522617324859408
PAM54PT12	MutationCall	mut	PAM54	TP53	c.559+1G>A	X187_splice	0.3441513077777778	0.633879781	0.926	-0.43865261684613016	-0.35972374114983946	0.13611635327794047
PAM54PT13	MutationCall	mut	PAM54	TP53	c.559+1G>A	X187_splice	0.3441513077777778	0.53539823	1.0	-0.5783098637199541	-0.4518048827234686	-0.015062177192914455
PAM54PT14	MutationCall	mut	PAM54	TP53	c.559+1G>A	X187_splice	0.3441513077777778	0.63898917	1.0	-0.5783098637199541	-0.32401775523845255	0.8748537235315444
PAM54PT15	MutationCall	mut	PAM54	TP53	c.559+1G>A	X187_splice	0.3441513077777778	0.206642066	0.632	0.20630866813316476	-0.554706332067899	0.4696193974734517
PAM55PT1	MutationCall	mut	PAM55	TP53	c.920-2A>G	X307_splice	0.3441513077777778	0.192405063	0.834	-0.30496329115949544	-0.5733078920925726	0.6392346564292697
PAM55PT2	MutationCall	mut	PAM55	TP53	c.920-2A>G	X307_splice	0.3441513077777778	0.289855072	0.739	-0.2509616770175353	-0.8388817155901389	0.2951728083192223
PAM55PT3	MutationCall	mut	PAM55	TP53	c.920-2A>G	X307_splice	0.3441513077777778	0.268882175	0.911	-0.39432280310432266	-0.3347813105408757	-0.6796744507226251
PAM55PT4	MutationCall	mut	PAM55	TP53	c.920-2A>G	X307_splice	0.3441513077777778	0.312302839	0.991	-0.5675812572160454	-0.697910752873372	-0.23015018975043328
PAM55PT5	MutationCall	mut	PAM55	TP53	c.920-2A>G	X307_splice	0.3441513077777778	0.295918367	1.0	-0.5783098637199541	-0.40654061422200016	0.298099478482213
PAM55PT6	MutationCall	mut	PAM55	TP53	c.920-2A>G	X307_splice	0.3441513077777778	0.4	0.763	-0.2084034582936592	-0.7729880116692075	-0.7786988540216265
PAM55PT7	MutationCall	mut	PAM55	TP53	c.920-2A>G	X307_splice	0.3441513077777778	0.172413793	0.575	0.0656134616835823	-0.8731433681567917	-0.836756171434229
PAM55PT8	MutationCall	mut	PAM55	TP53	c.920-2A>G	X307_splice	0.3441513077777778	0.238255034	1.0	-0.5783098637199541	-0.47400904809291633	-0.9454908859749134
PAM55PT9	MutationCall	mut	PAM55	TP53	c.920-2A>G	X307_splice	0.3441513077777778	0.212	0.548	0.08378198690841633	-0.8946897743971616	-0.08795081367461359
PAM55PT10	MutationCall	mut	PAM55	TP53	c.920-2A>G	X307_splice	0.3441513077777778	0.164335664	1.0	-0.5783098637199541	-0.5683131077550436	-0.41758386993825797
PAM55PT11	MutationCall	mut	PAM55	TP53	c.920-2A>G	X307_splice	0.3441513077777778	0.1	0.727	-0.17023115502646116	-0.7296441475193942	-0.3642961273038231
PAM55PT12	MutationCall	mut	PAM55	TP53	c.920-2A>G	X307_splice	0.3441513077777778	0.092261905	0.615	-0.018182010807797182	-0.8343303037882305	1.1304064723241727
PAM56PT1	MutationCall	mut	PAM56	TP53	c.338T>G	F113C	0.6986572162222222	0.224852071	0.858	-0.46862472773726654	0.10518023930319415	-0.91685309438693
PAM56PT2	MutationCall	mut	PAM56	TP53	c.338T>G	F113C	0.6986572162222222	0.539772727	0.901	-0.4828920892811713	0.5323334386596825	0.929788012147131
PAM56PT3	MutationCall	mut	PAM56	TP53	c.338T>G	F113C	0.6986572162222222	0.475	0.961	-0.5423598601604823	0.6023222793099667	-0.4162127118942647
PAM56PT4	MutationCall	mut	PAM56	TP53	c.338T>G	F113C	0.6986572162222222	0.519313305	0.927	-0.5053739526796284	0.6621085005662917	0.27621082283264403
PAM56PT5	MutationCall	mut	PAM56	TP53	c.338T>G	F113C	0.6986572162222222	0.444816054	0.848	-0.4538577248142093	0.14913498173322137	-0.5812309652107183
PAM56PT6	MutationCall	mut	PAM56	TP53	c.338T>G	F113C	0.6986572162222222	0.440677966	0.841	-0.5528259809867281	-1.054315720809529	-1.2681295180562198
PAM56PT7	MutationCall	mut	PAM56	TP53	c.338T>G	F113C	0.6986572162222222	0.534482759	0.936	-0.5556379372068263	-0.6388584503508613	-0.6366642498655402
